Cuvant	Derivat	Diminutiv	Comentariu	Sursa	Sufix
aciuaș	1	0		a aciua	aș
actoraș	1	1		actor	aș
alunaș	1	1		alun	aș
amoraș	1	1		amor	aș
arboraș	1	1		arbore	aș
arcaș	1	0		arc	aș
ardeiaș	1	1		ardei	aș
arendaș	1	0		arendă	aș
armaș	1	0		armă	aș
armăsăraș	1	1		armăsar	aș
articolaș	1	1		articol	aș
arțăraș	1	1		arțar	aș
autoraș	1	1		autor	aș
baboiaș	1	1		baboi	aș
baideraș	1	1		baider	aș
balconaș	1	1		balcon	aș
balonaș	1	1		balon	aș
bastonaș	1	1		baston	aș
becheraș	1	1		becher	aș
bețigaș	1	1		băț	aș
birtaș	1	0		birt	aș
bogătaș	1	0		bogat	aș
boiernaș	1	1		boier	aș
boltaș	1	0		boltă	aș
bondăraș	1	1		bondar	aș
borcănaș	1	1		borcan	aș
bordeiaș	1	1		bordei	aș
borfaș	1	0		boarfă	aș
breslaș	1	0		breaslă	aș
buciumaș	1	1		bucium	aș
buclucaș	1	0		bucluc	aș
buhăiaș	1	1		buhai	aș
buiestraș	1	0		buiestru	aș
bujoraș	1	1		bujor	aș
bulgăraș	1	1		bulgăre	aș
buntaș	1	0		bunt	aș
burghiaș	1	1	insecta	burghiu	aș
butoiaș	1	1		butoi	aș
butucaș	1	1		butuc	aș
buzunăraș	1	1		buzunar	aș
bâtlănaș	1	1		bâtlan	aș
băiaș	1	0		baie	aș
băietănaș	1	1		băietan	aș
băiețaș	1	1		băiat	aș
bărdaș	1	0		bardă	aș
bătăiaș	1	0		bătaie	aș
băștinaș	1	0		baștină	aș
capitălaș	1	1		capital	aș
caraulaș	1	1	fem - strajă, străjer	caraulă	aș
caretaș	1	0		caretă	aș
cartonaș	1	1		carton	aș
castronaș	1	1		castron	aș
ceaunaș	1	1		ceaun	aș
cercetaș	1	0		a cerceta	aș
cetaș	1	0		ceată	aș
ceteraș	1	0		ceteră	aș
chenăraș	1	1		chenar	aș
chiaburaș	1	1		chiabur	aș
chimiraș	1	1		chimir	aș
chiriaș	1	0		chirie	aș
cimpoiaș	1	1		cimpoi	aș
ciobănaș	1	1		cioban	aș
ciocoiaș	1	1		ciocoi	aș
ciocănaș	1	1		ciocan	aș
ciolănaș	1	1		ciolan	aș
ciomăgaș	1	1		ciomag	aș
ciortănaș	1	1	crap mic	ciortan	aș
ciubăraș	1	1		ciubăr	aș
ciucuraș	1	1		ciucure	aș
claponaș	1	1		clapon	aș
claviraș	1	1		clavir	aș
clondiraș	1	1		clondir	aș
clăcaș	1	0		clacă	aș
codaș	1	0		coadă	aș
cofăiaș	1	1		cofei	aș
colibaș	1	0		colibă	aș
colțunaș	1	1		colțun	aș
completaș	1	0	soldat	a completa	aș
complotaș	1	0		complot	aș
condeiaș	1	1		condei	aș
conduraș	1	1		condur	aș
copilaș	1	1		copil	aș
copoiaș	1	1		copoi	aș
cordonaș	1	1		cordon	aș
coridoraș	1	1		coridor	aș
cortelaș	1	0	cortel din magh	cortel	aș
cosaș	1	0		a cosi	aș
cotlonaș	1	1		cotlon	aș
covoraș	1	1		covor	aș
creionaș	1	1		creion	aș
crâmpeiaș	1	1		crâmpei	aș
cuconaș	1	1		cucon	aș
cufăraș	1	1		cufăr	aș
culpaș	1	0		culpă	aș
cuptoraș	1	1		cuptor	aș
curcănaș	1	1		curcan	aș
cuțitaș	1	1		cuțit	aș
cârcotaș	1	0		cârcotă	aș
cârligaș	1	1		cârlig	aș
cârlănaș	1	1		cârlan	aș
călcâiaș	1	1		călcâi	aș
căldăraș	1	0		căldare	aș
călugăraș	1	1		călugăr	aș
călăraș	1	0		călare	aș
călțunaș	1	1		călțun	aș
cămăraș	1	0		cămară	aș
cănăraș	1	1		canar	aș
căpitălaș	1	1		capital	aș
căpitănaș	1	1		căpitan	aș
căprioraș	1	1		căprior	aș
cărbunaș	1	1		cărbune	aș
cărpinaș	1	0		carpen	aș
căruțaș	1	0		căruță	aș
căuzaș	1	0		cauză	aș
căvălaș	1	1		caval	aș
dicționăraș	1	1		dicționar	aș
dijmaș	1	0		dijmă	aș
directoraș	1	1		director	aș
doctoraș	1	1		doctor	aș
docăraș	1	1		docar	aș
doinaș	1	0		doină	aș
drumaș	1	0		drum	aș
dulăpaș	1	1		dulap	aș
dăscălaș	1	1		dascăl	aș
dăunaș	1	0		daună	aș
enoriaș	1	0		enorie	aș
fecioraș	1	1		fecior	aș
ferăstraș	1	1		ferăstrău	aș
fierăstrăiaș	1	1		fierăstrău	aș
flaconaș	1	1		flacon	aș
fluieraș	1	1		fluier	aș
fluturaș	1	1		flutur	aș
flăcăiaș	1	1		flăcău	aș
fruntaș	1	0		frunte	aș
fuioraș	1	1		fuior	aș
funcționăraș	1	1		funcționar	aș
fundaș	1	0		fund	aș
fuștaș	1	0		fuște	aș
făptaș	1	0		faptă	aș
gazetăraș	1	1		gazetar	aș
geamăntănaș	1	1		geamantan	aș
ghiborțaș	1	1	pește	ghiborț	aș
ghiozdănaș	1	1		ghiozdan	aș
glotaș	1	0		gloată	aș
gonaș	1	0		goană	aș
greieraș	1	1		greier	aș
guleraș	1	1		guler	aș
gălbenaș	1	1		galben	aș
holteiaș	1	1		holtei	aș
hulubaș	1	1		hulub	aș
hârdăiaș	1	1		hârdău	aș
hăitaș	1	1		haită	aș
hărtănaș	1	1		hartan	aș
hărțaș	1	0		harță	aș
hățaș	1	0		hăț	aș
idolaș	1	1		idol	aș
iepuraș	1	1		iepure	aș
industriaș	1	0		industrie	aș
ingineraș	1	1		inginer	aș
izvoraș	1	1		izvor	aș
judecătoraș	1	1		judecător	aș
jugănaș	1	1		jugan	aș
juncănaș	1	1		juncan	aș
junelaș	1	1		junel	aș
jăcaș	1	0		jac	aș
legănaș	1	1		leagăn	aș
leuaș	1	0	perceptor impozite	leu	aș
lighenaș	1	1		lighean	aș
luntraș	1	0		luntre	aș
luptaș	1	0		luptă	aș
lăibăraș	1	1		laibăr	aș
lămpaș	1	0		lampă	aș
lăstunaș	1	1		lăstun	aș
lăstăraș	1	1		lăstar	aș
lăturaș	1	0		latură	aș
magazinaș	1	1		magazin	aș
mardeiaș	1	0		a mardi	aș
martinaș	1	1		martin	aș
mazilaș	1	1		mazil	aș
melenaș	1	1		melean	aș
meseriaș	1	0		meserie	aș
mestecănaș	1	1		mesteacăn	aș
meșteraș	1	1		meșter	aș
mijlocaș	1	0		mijloc	aș
mocănaș	1	1		mocan	aș
morunaș	1	1		morun	aș
morăraș	1	1		morar	aș
mosoraș	1	1		mosor	aș
motoraș	1	1		motor	aș
motănaș	1	1		motan	aș
muguraș	1	1		mugur	aș
mundiraș	1	1		mundir	aș
mânaș	1	0		a mâna	aș
mălăiaș	1	1		mălai	aș
mănunchiaș	1	1		mănunchi	aș
mărginaș	1	0		margine	aș
mărgărităraș	1	1		mărgăritar	aș
mărăcinaș	1	1		mărăcine	aș
mărăraș	1	1		mărar	aș
negustoraș	1	1		negustor	aș
nevoiaș	1	0		nevoie	aș
nouraș	1	1		nour	aș
nuntaș	1	0		nuntă	aș
nănaș	1	1		nun	aș
năsturaș	1	1		nasture	aș
oblonaș	1	1		oblon	aș
ocnaș	1	0		ocnă	aș
ocolaș	1	1		ocol	aș
odoraș	1	1		odor	aș
odăiaș	1	0		odaie	aș
ofițeraș	1	1		ofițer	aș
ogoraș	1	1		ogor	aș
ogrădaș	1	0		ogradă	aș
orândaș	1	0		orândă	aș
ostaș	1	0		oaste	aș
paltonaș	1	1		palton	aș
paneraș	1	1		paner	aș
pantalonaș	1	1		pantalon	aș
papucaș	1	1		papuc	aș
pardesiaș	1	1		pardesiu	aș
pedestraș	1	0		pedestru	aș
pelinaș	1	1		pelin	aș
pepenaș	1	1		pepene	aș
pescăraș	1	1		pescar	aș
pieptănaș	1	1		pieptăn	aș
pieptăraș	1	1		pieptar	aș
pihotaș	1	0		pihotă	aș
pintenaș	1	1		pinten	aș
pisoiaș	1	1		pisoi	aș
pistolaș	1	1		pistol	aș
pizmaș	1	0		pizmă	aș
pleșcaș	1	0		pleașcă	aș
ploconaș	1	1		plocon	aș
ploscaș	1	0		ploscă	aș
plutaș	1	0		plută	aș
pocheraș	1	1		pocher	aș
poetaș	1	1		poet	aș
pogonaș	1	1		pogon	aș
pologaș	1	0		polog	aș
pontaș	1	0		a ponta	aș
porcoiaș	1	1		porcoi	aș
porumbaș	1	1		porumb	aș
potcaș	1	0		potcă	aș
poteraș	1	0		poteră	aș
potiraș	1	1		potir	aș
povestaș	1	0		poveste	aș
poștaș	1	0		poștă	aș
priboiaș	1	1		priboi	aș
pricinaș	1	0		pricină	aș
profesoraș	1	1		profesor	aș
prundaș	1	0	pasăre	prund	aș
prunduiaș	1	1		prund	aș
prundăraș	1	0	pasăre	prund	ăraș
prăvăliaș	1	0		prăvălie	aș
prăștiaș	1	0		praștie	aș
pumnaș	1	0		pumn	aș
pungaș	1	0		pungă	aș
purcelaș	1	1		purcel	aș
purcoiaș	1	1		porcoi	aș
puricaș	1	1		purice	aș
pușcaș	1	0		pușcă	aș
pușcăriaș	1	0		pușcărie	aș
pândaș	1	0		pândă	aș
pârâiaș	1	1		pârâu	aș
păcurăraș	1	1		păcurar	aș
păgubaș	1	0		pagubă	aș
păhăraș	1	1		pahar	aș
pălmaș	1	0		palmă	aș
păltinaș	1	1		paltin	aș
păraș	1	0	pescar cu parul	par	aș
părtaș	1	0		parte	aș
păstoraș	1	1		păstor	aș
păunaș	1	1		păun	aș
rachiaș	1	1		rachiu	aș
reporteraș	1	1		reporter	aș
românaș	1	1		român	aș
rotaș	1	0		roată	aș
ruptaș	1	0		rupt	aș
rândaș	1	0		a rândui	aș
rățoiaș	1	1		rățoi	aș
salonaș	1	1		salon	aș
schimbaș	1	0	soldat	schimb	aș
scorțăraș	1	1		scorțar	aș
scriitoraș	1	1		scriitor	aș
scăunaș	1	1		scaun	aș
sertăraș	1	1		sertar	aș
sibiaș	1	0	ață groasă	sibiu	aș
sicriaș	1	1		sicriu	aș
simbriaș	1	0		simbrie	aș
slujbaș	1	0		slujbă	aș
stejăraș	1	1		stejar	aș
strigoiaș	1	1	fluture	strigoi	aș
struguraș	1	1		strugure	aș
sulițaș	1	0		suliță	aș
surlaș	1	0		surlă	aș
surtucaș	1	1		surtuc	aș
sutaș	1	0		sută	aș
sâmbraș	1	0		sâmbră	aș
săgetaș	1	0	arcaș	săgeată	aș
talgeraș	1	1		talger	aș
tobaș	1	0		tobă	aș
tolbaș	1	0	negustor ambulant	tolbă	aș
toporaș	1	1		topor	aș
tovălaș	1	1		toval	aș
trandafiraș	1	1		trandafir	aș
trifoiaș	1	1		trifoi	aș
trompetaș	1	0		trompetă	aș
trâmbițaș	1	0		trâmbiță	aș
trăpaș	1	0		trap	aș
tulnicaș	1	0		tulnic	aș
târlaș	1	0		târlă	aș
tăbăraș	1	0	soldat	tabără	aș
tăciunaș	1	1		tăciune	aș
tărtănaș	1	1		tartan	aș
tătăraș	1	1		tătar	aș
tăuraș	1	1		taur	aș
ucigaș	1	0	Ucig (prezent indicativ popular al lui ucide)	ucig	aș
uiemaș	1	0		uium	aș
ulcioraș	1	1		ulcior	aș
umeraș	1	1		umăr	aș
unchiaș	1	1		unchi	aș
unguraș	1	1		ungur	aș
urcioraș	1	1		urcior	aș
urmaș	1	0		urma	aș
vaporaș	1	1		vapor	aș
voinicaș	1	1		voinic	aș
volintiraș	1	1		volintir	aș
volumaș	1	1		volum	aș
volănaș	1	1		volan	aș
vulturaș	1	1		vultur	aș
vâslaș	1	1		vâslă	aș
zestraș	1	0		zestre	aș
zgripțoraș	1	1	monedă	zgripțor	aș
zicaș	1	0		a zice	aș
zicălaș	1	0	lăutar	zicală	ălaș
zilaș	1	0	zilier	zi	laș
zlotaș	1	0	perceptor impozite	zlot	aș
zăbunaș	1	1		zăbun	aș
zărzăraș	1	1		zarzăr	aș
zăvoraș	1	1		zăvor	aș
înaintaș	1	0		înainte	aș
îngeraș	1	1		înger	aș
șerpăraș	1	1		șerpar	aș
șofrănaș	1	1		șofran	aș
știubeiaș	1	1		știubei	aș
țigănaș	1	1		țigan	aș
țimiraș	1	0	poștaș	țimir	aș
țintaș	1	0		țintă	aș
ținutaș	1	0		ținut	aș
țânțăraș	1	1		țânțar	aș
albinărel	1	1		albinar	el
alunel	1	1		alun	el
antrețel	1	1		antreu	ețel
argățel	1	1		argat	el
armășel	1	1		armaș	el
arnăuțel	1	1		arnăut	el
aușel	1	1	cuvânt dispărut not in DOOM3	auș	el
avocățel	1	1		avocat	el
băltăgel	1	1		baltag	el
bădițel	1	1		bădiță	el
băiețel	1	1		băiat	el
băloșel	1	1	planta (adj.)	bălos	el
bănuțel	1	1		bănuț	el
bărbățel	1	1		bărbat	el
bătrânel	1	1		bătrân	el
berbecel	1	1		berbec	el
bilețel	1	1		bilet	el
bobocel	1	1		boboc	el
bolovănel	1	1		bolovan	el
bostănel	1	1		bostan	el
botoșel	1	1		botoș	el
bourel	1	1		bour	el
brădățel	1	1		brădet	el
brebenel	1	1	plantă	breabăn	el
brotăcel	1	1		brotac	el
brumărel	1	1		brumar	el
bucățel	1	1	(planta) -ea + el	bucățea	el
buchețel	1	1		buchet	el
bujorel	1	1		bujor	el
bumbăcel	1	1		bumbac	el
bunel	1	1		bun	el
burdușel	1	1		burduf	el
burețel	1	1		buret	el
bursucel	1	1		bursuc	el
butucel	1	1		butuc	el
buzunărel	1	1		buzunar	el
căftănel	1	1		caftan	el
caicel	1	1	ca`ic	caic	el
căierel	1	1	`ca-ier	caier	el
caiețel	1	1		caiet	el
căpăcel	1	1	ordine	capac	el
capoțel	1	1		capot	el
cărășel	1	1	ca`ras	caras	el
carnețel	1	1		carnet	el
castronel	1	1		castron	el
căzănel	1	1	ordine	cazan	el
călușel	1	1		căluș	el
cămărășel	1	1		cămăraș	el
cărăbușel	1	1		cărăbuș	el
căușel	1	1		căuș	el
cântecel	1	1		cântec	el
cârligel	1	1		cârlig	el
cercănel	1	1		cearcăn	el
ceaușel	1	1		ceauș	el
celărel	1	1		celar	el
cercurel	1	1		cerc	urel
cerdăcel	1	1		cerdac	el
cincărel	1	1		cincar	el
ciobănel	1	1		cioban	el
ciocănel	1	1		ciocan	el
ciolănel	1	1		ciolan	el
ciomăgel	1	1		ciomag	el
ciucurel	1	1		ciucure	el
ciurel	1	1		ciur	el
clocoțel	1	1	planta?	clocot	el
clopoțel	1	1		clopot	el
cocoșel	1	1		cocoș	el
codănel	1	1		codan	el
cofăiel	1	1		cofei	el
cojocel	1	1		cojoc	el
colăcel	1	1		colac	el
colnicel	1	1		colnic	el
coltucel	1	1		coltuc	el
comișel	1	1		comis	el
contășel	1	1		contăș	el
copăcel	1	1		copac	el
corcodel	1	1	pasăre (onomat.) NOT IN DOOM3	corcod	el
cornățel	1	1	planta	corn	ățel
cortel	1	1	înv., reg.	cort	el
cosăcel	1	1		cosac	el
cosițel	1	1	plantă	cosiță	el
covrigel	1	1		covrig	el
cumetrel	1	1		cumătru	el
cumnățel	1	1		cumnat	el
cuvințel	1	1		cuvânt	el
dârlogel	1	1		dârlog	el
decrețel	1	1	sens!	decret	el
dedițel	1	1		dediță	el
degețel	1	1		deget	el
desăgel	1	1		desagă	el
diecel	1	1		diac	el
dovlecel	1	1		dovleac	el
făgețel	1	1		făget	el
fântânel	1	1	păstrăv	fântână	el
ficățel	1	1		ficat	el
firicel	1	1		fir	icel
flocoșel	1	1	ciupercă (adj)	flocos	el
fluturel	1	1		fluture	el
frăsinel	1	1		frasin	el
gărdurel	1	1	gard + ur + el	gard	urel
găvănoșel	1	1		gavanos	el
gândăcel	1	1		gândac	el
ghiocel	1	1		ghioc	el
ghiozdănel	1	1		ghiozdan	el
golănel	1	1		golan	el
greierel	1	1		greier	el
haiducel	1	1		haiduc	el
hulubel	1	1		hulub	el
ietăcel	1	1		iatac	el
ibovnicel	1	1		ibovnic	el
ibricel	1	1		ibric	el
ilicel	1	1		ilic	el
isprăvnicel	1	1		ispravnic	el
ișlicel	1	1		ișlic	el
iubițel	1	1		iubit	el
îngerel	1	1		înger	el
însurățel	1	1		însurat	el
învățăcel	1	1		învățat	el
jugănel	1	1		jugan	el
junel	1	1		june	el
lăcățel	1	1		lacăt	el
lăstărel	1	1		lăstar	el
legănel	1	1		leagăn	el
logofețel	1	1		logofăt	el
mărgăritărel	1	1		mărgăritar	el
mititel	1	1	din adj. Dim.	mic	itel
mielușel	1	1		mieluș	el
mijlocel	1	1		mijloc	el
morărel	1	1		morar	el
morcovel	1	1		morcov	el
mosorel	1	1		mosor	el
moșnegel	1	1		moșneag	el
motănel	1	1		motan	el
motocel	1	1		motoc	el
mugurel	1	1		mugur	el
munticel	1	1	munte + icel	munte	icel
mușețel	1	1	plantă, adj	mușat	el
năsturel	1	1		nasture	el
nășel	1	1		naș	el
nădrăgel	1	1		nădrag	el
negel	1	1		neg	el
nepoțel	1	1		nepot	el
norocel	1	1		noroc	el
nourel	1	1		nour	el
obrăjel	1	1		obraz	el
orășel	1	1		oraș	el
ostrovel	1	1		ostrov	el
pachețel	1	1		pachet	el
păhărel	1	1		pahar	el
păhărnicel	1	1		paharnic	el
păloșel	1	1		paloș	el
păltinel	1	1		paltin	el
papucel	1	1		papuc	el
păcurărel	1	1		păcurar	el
păienjenel	1	1		păianjen	el
pămânțel	1	1		pământ	el
părințel	1	1		părinte	el
păstorel	1	1		păstor	el
pătrățel	1	1		pătrat	el
păunel	1	1		păun	el
pântecel	1	1		pântec	el
pescărel	1	1		pescar	el
peticel	1	1		petic	el
pieptărel	1	1		pieptar	el
pieptănel	1	1		pieptăn	el
pietroșel	1	1	pește	pietros	el
pitărel	1	1		pitar	el
podurel	1	1	pod + ur + el	pod	urel
polobocel	1	1		poloboc	el
portărel	1	1		portar	el
porumbel	1	1		porumb	el
postelnicel	1	1		postelnic	el
prosopel	1	1		prosop	el
prundurel	1	1	prund + ur + el	prund	urel
puchițel	1	1		puchi	ițel
pumnicel	1	1	pumn + icel	pumn	icel
puricel	1	1		purice	el
răcănel	1	1		răcan	el
răvășel	1	1		răvaș	el
rândunel	1	1	rândunea -ea +el	rândunea	el
săticel	1	1		sat	icel
sălășel	1	1		sălaș	el
săpunel	1	1		săpun	el
sâmburel	1	1		sâmbure	el
scăunel	1	1		scaun	el
scorțărel	1	1		scorțar	el
sertărel	1	1		sertar	el
sfeșnicel	1	1		sfeșnic	el
sinețel	1	1		sineț	el
sipețel	1	1		sipet	el
soldățel	1	1		soldat	el
spătărel	1	1		spătar	el
stânjenel	1	1		stânjen	el
stejărel	1	1		stejar	el
sticlețel	1	1		sticlete	el
stolnicel	1	1		stolnic	el
strugurel	1	1		strugure	el
suflețel	1	1		suflet	el
sumănel	1	1		suman	el
sunducel	1	1		sunduc	el
surtucel	1	1		surtuc	el
șănțurel	1	1	(rar)	șanț	urel
șerpurel	1	1		șarpe	urel
șervețel	1	1		șervet	el
șipurel	1	1		șip	urel
șipoțel	1	1		șipot	el
șirețel	1	1		șiret	el
șiștărel	1	1		șiștar	el
șoricel	1	1		șoarece	el
șofrănel	1	1		șofran	el
șomoiogel	1	1		șomoiog	el
ștergărel	1	1		ștergar	el
șugărel	1	1	șugar (adj)	șugar	el
șurubel	1	1		șurub	el
tălgerel	1	1		talger	el
tinerel	1	1		tânăr	el
tocmăgel	1	1		tocmagi	el
toiegel	1	1		toiag	el
toporel	1	1		topor	el
torțel	1	1		tort	el
trandafirel	1	1		trandafir	el
tulburel	1	1	adj	turbure	el
turturel	1	1	turturea NOT IN DOOM3	turturea	el
țigănel	1	1		țigan	el
uncropel	1	1		uncrop	el
vălurel	1	1		val	urel
vătășel	1	1		vătaf	el
vânticel	1	1		vânt	icel
vânturel	1	1		vânt	urel
vergel	1	1		vergea	el
verigel	1	1		verigă	el
versurel	1	1		vers	urel
vinderel	1	1		vindereu	el
vistiernicel	1	1		vistiernic	el
vișinel	1	1		vișin	el
voinicel	1	1		voinic	el
volocel	1	1		voloc	el
vornicel	1	1		vornic	el
vrescurel	1	1		vreasc	urel
vulturel	1	1		vultur	el
zăhărel	1	1		zahăr	el
zărzărel	1	1		zarzăr	el
zăbunel	1	1	înv., pop.	zăbun	el
zidurel	1	1	zid + ur + el	zid	urel
zulufel	1	1		zuluf	el
albișor	1	1		alb	ișor
anișor	1	1		an	ișor
bețișor	1	1		băț	ișor
boldișor	1	1		bold	ișor
borșișor	1	1		borș	ișor
botișor	1	1		bot	ișor
boțișor	1	1		boț	ișor
brânișor	1	1		brână	ișor
brădișor	1	1		brad	ișor
brățișor	1	1		braț	ișor
bulzișor	1	1		bulz	ișor
bădișor	1	1		bade	ișor
bănișor	1	1		ban	ișor
cimbrișor	1	1		cimbru	ișor
cleștișor	1	1		clește	ișor
colțișor	1	1		colț	ișor
contișor	1	1		cont	ișor
corbișor	1	1		corb	ișor
cornișor	1	1		corn	ișor
cotișor	1	1		cot	ișor
crețișor	1	1	planta	creț	ișor
crăișor	1	1		crai	ișor
cuișor	1	1		cui	ișor
cuscrișor	1	1		cuscru	ișor
cârdișor	1	1		cârd	ișor
căișor	1	1		cal	ișor
dințișor	1	1		dinte	ișor
domnișor	1	1		domn	ișor
dulcișor	1	1		dulce	ișor
firișor	1	1		fir	ișor
fânișor	1	1		fân	ișor
gerișor	1	1		ger	ișor
gâtișor	1	1		gât	ișor
iezișor	1	1		ied	ișor
inișor	1	1		in	ișor
lemnișor	1	1		lemn	ișor
lutișor	1	1		lut	ișor
lănțișor	1	1		lanț	ișor
lăptișor	1	1		lapte	ișor
lățișor	1	1		laț	ișor
meișor	1	1		mei	ișor
melcișor	1	1		melc	ișor
merișor	1	1		măr	ișor
muntișor	1	1		munte	ișor
mândrișor	1	1		mândru	ișor
mânzișor	1	1		mânz	ișor
mâțișor	1	1		mâț	ișor
mărțișor	1	1		marț	ișor
mățișor	1	1		maț	ișor
negrișor	1	1		negru	ișor
nemțișor	1	1		neamț	ișor
nenișor	1	1		nene	ișor
norișor	1	1		nor	ișor
ochișor	1	1		ochi	ișor
orzișor	1	1		orz	ișor
osișor	1	1		os	ișor
perișor	1	1		păr	ișor
peștișor	1	1		pește	ișor
plumbișor	1	1		plumb	ișor
plăișor	1	1		plai	ișor
podișor	1	1		pod	ișor
pomișor	1	1		pom	ișor
prințișor	1	1		prinț	ișor
prundișor	1	1		prund	ișor
prunișor	1	1		prun	ișor
prânzișor	1	1		prânz	ișor
puișor	1	1		pui	ișor
pumnișor	1	1		pumn	ișor
punctișor	1	1		punct	ișor
păișor	1	1		pai	ișor
pătișor	1	1		pat	ișor
pătrișor	1	1		patru	ișor
rutișor	1	1	plantă	rută	ișor
scorțișor	1	1		scoarță	ișor
sculișor	1	1		scul	ișor
sfertișor	1	1		sfert	ișor
sfințișor	1	1		sfânt	ișor
sfănțișor	1	1		sfanț	ișor
solzișor	1	1		solz	ișor
somnișor	1	1		somn	ișor
spinișor	1	1		spin	ișor
stolișor	1	1		stol	ișor
stosișor	1	1		stos	ișor
struțișor	1	1		struț	ișor
sturzișor	1	1		sturz	ișor
stâlpișor	1	1		stâlp	ișor
sânișor	1	1		sân	ișor
sătișor	1	1		sat	ișor
teișor	1	1		tei	ișor
tigrișor	1	1		tigru	ișor
tronișor	1	1		tron	ișor
turnișor	1	1		turn	ișor
tătișor	1	1		tată	ișor
ulișor	1	1		uliu	ișor
unchișor	1	1		unchi	ișor
untișor	1	1		unt	ișor
verișor	1	1		văr	ișor
verzișor	1	1		verde	ișor
viermișor	1	1		vierme	ișor
vinișor	1	1		vin	ișor
vântișor	1	1		vânt	ișor
zimțișor	1	1		zimț	ișor
șerpișor	1	1		șarpe	ișor
șoimișor	1	1		șoim	ișor
șănțișor	1	1		șanț	ișor
bel	0
fel	0
gel	0
tel	0
zel	0
țel	0
bisel	0
bordel	0
brunel	0
cartel	0
carusel	0
cercel	0
cinel	0
colonel	0
gazel	0
gradel	0
grindel	0
gătejel	0
inel	0
miel	0
model	0
panel	0
pixel	0
pudel	0
rapel	0
rastel	0
rondel	0
scalpel	0
spinel	0
tabel	0
tunel	0
vasel	0
măcel	0
șnițel	0
cățel	0
apel	0
artel	0
batel	0
betel	0
bushel	0
calomel	0
cancel	0
candel	0
capitel	0
caramel	0
castel	0
cerebel	0
chipcel	0
ciritel	0
crenel	0
cârcel	0
căpețel	0
diesel	0
drapel	0
duel	0
flagel	0
funigel	0
fuscel	0
fuzel	0
gael	0
ghiordel	0
haspel	0
hematocel	0
hostel	0
hotel	0
listel	0
lumașel	0
mezel	0
mișel	0
motel	0
muncel	0
muscel	0
nivel	0
ocel	0
ostropel	0
otfel	0
oțel	0
paragel	0
paralel	0
pastel	0
pedel	0
pedicel	0
penel	0
portofel	0
purcel	0
păducel	0
rașel	0
rașpel	0
rebel	0
rimel	0
sahel	0
sfacel	0
sicrinel	0
silicagel	0
sugel	0
surcel	0
tembel	0
tertel	0
testemel	0
turicel	0
urodel	0
vecsel	0
vermorel	0
vițel	0
xerogel	0
șeptel	0
ștempel	0
cerențel	0
otrățel	0
aeromodel	0
antigel	0
arăriel	0
asfodel	0
automodel	0
crighel	0
cromnichel	0
decibel	0
erizipel	0
falafel	0
fotomodel	0
hidrogel	0
hidromel	0
liogel	0
megapixel	0
mispichel	0
nichel	0
perghel	0
petrel	0
prichindel	0
prâsnel	0
puradel	0
rezbel	0
sapropel	0
sferdecel	0
sfredel	0
sheqel	0
singhel	0
sisinel	0
sparanghel	0
supermodel	0
tighel	0
varicocel	0
violoncel	0
zdrăngănel	0
șpighel	0
șrapnel	0
ștrudel	0
pătrunjel	0
arhanghel	0
béchamel	0
cupronichel	0
feldwebel	0
menestrel	0
navomodel	0
portdrapel	0
protosinghel	0
rapanghel	0
rubinspinel	0
singspiel	0
șmirghel	0
glockenspiel	0
tetraevanghel	0
aldămaș	0
apaș	0
arpacaș	0
ataș	0
balaș	0
bulucbaș	0
butaș	0
cardaș	0
ceardaș	0
chezaș	0
chiolbaș	0
ciuvaș	0
cumaș	0
făgaș	0
făraș	0
geambaș	0
gulaș	0
imaș	0
incaș	0
locaș	0
lăcaș	0
lăptaș	0
malgaș	0
mariaș	0
mayaș	0
mișmaș	0
ocinaș	0
oraș	0
panaș	0
papanaș	0
papistaș	0
papricaș	0
papuaș	0
patrontaș	0
relaș	0
rântaș	0
răvaș	0
sabretaș	0
sichiraș	0
sufertaș	0
sălaș	0
talaș	0
tăbănaș	0
tălpaș	0
uriaș	0
ustaș	0
vrăjmaș	0
zăgaș	0
afișor 	0
defrișor 	0
foișor 	0
trișor 	0
